{
  "logistic_lime": {
    "faithfulness": {
      "sufficiency_mean": 0.9048261911316676,
      "comprehensiveness_mean": 0.044769196418256524,
      "sufficiency_std": 0.10513414689793994,
      "comprehensiveness_std": 0.021150811270725937,
      "n_samples": 49
    },
    "efficiency": {
      "method": "LIME",
      "mean_time": 1.1699231206154337,
      "median_time": 0.9724814891815186,
      "std_time": 0.7473578119804506,
      "min_time": 0.1866443157196045,
      "max_time": 3.0716934204101562,
      "success_rate": 1.0
    },
    "sparsity": {
      "mean_significant_features": 6.448979591836735,
      "mean_sparsity_ratio": 0.6448979591836734,
      "std_sparsity_ratio": 0.2259322857648661
    }
  },
  "logistic_shap": {
    "faithfulness": {
      "sufficiency_mean": 0.8716718249599351,
      "comprehensiveness_mean": 0.04382852866238073,
      "sufficiency_std": 0.16188899221219047,
      "comprehensiveness_std": 0.023179927290138614,
      "n_samples": 49
    },
    "efficiency": {
      "method": "SHAP",
      "mean_time": 0.018108942070785835,
      "median_time": 0.015652179718017578,
      "std_time": 0.01335585112821649,
      "min_time": 0.0,
      "max_time": 0.062230825424194336,
      "success_rate": 1.0
    },
    "sparsity": {
      "mean_significant_features": 30.428571428571427,
      "mean_sparsity_ratio": 0.09912218276841919,
      "std_sparsity_ratio": 0.023798078422112155
    }
  },
  "xgboost_lime": {
    "faithfulness": {
      "sufficiency_mean": 0.5287101492721764,
      "comprehensiveness_mean": 0.1429675187903345,
      "sufficiency_std": 0.28072635006790936,
      "comprehensiveness_std": 0.09534451963671585,
      "n_samples": 49
    },
    "efficiency": {
      "method": "LIME",
      "mean_time": 1.7254349747482611,
      "median_time": 1.5504560470581055,
      "std_time": 0.9612897794732229,
      "min_time": 0.5144820213317871,
      "max_time": 4.420109748840332,
      "success_rate": 1.0
    },
    "sparsity": {
      "mean_significant_features": 1.2244897959183674,
      "mean_sparsity_ratio": 0.12244897959183673,
      "std_sparsity_ratio": 0.23409862401189993
    }
  },
  "xgboost_shap": {
    "faithfulness": {
      "sufficiency_mean": 0.47836075750804175,
      "comprehensiveness_mean": 0.1544117627383017,
      "sufficiency_std": 0.2760044565817179,
      "comprehensiveness_std": 0.07742713722607145,
      "n_samples": 49
    },
    "efficiency": {
      "method": "SHAP",
      "mean_time": 0.2104447131254235,
      "median_time": 0.22835659980773926,
      "std_time": 0.0780403095845412,
      "min_time": 0.0798330307006836,
      "max_time": 0.4584367275238037,
      "success_rate": 1.0
    },
    "sparsity": {
      "mean_significant_features": 43.40816326530612,
      "mean_sparsity_ratio": 0.7508093333262784,
      "std_sparsity_ratio": 0.05454007639761247
    }
  }
}