{
  "f1_micro": 0.8177083333333334,
  "f1_macro": 0.7951237544190758,
  "f1_samples": 0.7559177783667578
}