{
  "f1_micro": 0.8229166666666666,
  "f1_macro": 0.8002336522594905,
  "f1_samples": 0.7613761521924786
}