{
  "f1_micro": 0.9405099150141643,
  "f1_macro": 0.9324329429469511,
  "f1_samples": 0.8675101542448481
}