{
  "f1_micro": 0.9378531073446328,
  "f1_macro": 0.9334568959088525,
  "f1_samples": 0.8678812117587629
}